time,cab,boom,small_arm,bucket
0.0,-2.4,-8.0,29.666664,-8.833334
1.25,17.6,7.0,9.666664,16.166666
2.5,-2.4,-8.0,29.666664,-8.833334
3.75,-22.4,-23.0,49.666664,-33.833334
5.0,-2.4,-8.0,29.666664,-8.833334
